company_symbol,company_name,year,text,section_type,sentiment_label,confidence_score
RELIANCE,Reliance Industries,2023-24,"The Company continued to demonstrate resilience and adaptability in a challenging global environment. Our integrated business model across energy, petrochemicals, oil & gas, and retail sectors has provided stability and growth opportunities. We remain optimistic about the long-term prospects of the Indian economy and are committed to investing in new technologies and sustainable business practices. The digital transformation initiatives have shown promising results, with significant improvements in operational efficiency.",Management Commentary,positive,0.85
RELIANCE,Reliance Industries,2022-23,"The Company continued to demonstrate resilience and adaptability in a difficult global environment. Our integrated business model across energy, petrochemicals, oil & gas, and retail sectors has provided stability and development prospects. We remain optimistic about the long-term prospects of the Indian economy and are committed to investing in new technologies and sustainable business practices. The digital transformation initiatives have shown promising results, with significant improvements in operational efficiency.",Management Commentary,positive,0.85
RELIANCE,Reliance Industries,2021-22,"The Company continued to demonstrate resilience and adaptability in a complex global environment. Our integrated business model across energy, petrochemicals, oil & gas, and retail sectors has provided stability and expansion potential. We remain optimistic about the long-term prospects of the Indian economy and are committed to investing in new technologies and sustainable business practices. The digital transformation initiatives have shown promising results, with significant improvements in operational efficiency.",Management Commentary,positive,0.85
TCS,Tata Consultancy Services,2023-24,"The global technology services industry faced headwinds during the fiscal year due to macroeconomic uncertainties and client budget constraints. However, our strong client relationships and diverse service portfolio have helped us navigate these challenges. We continue to invest in emerging technologies like AI, cloud computing, and cybersecurity to maintain our competitive edge and deliver value to our clients.",Business Outlook,neutral,0.75
TCS,Tata Consultancy Services,2022-23,"The global technology services industry faced headwinds during the fiscal year due to macroeconomic uncertainties and client budget constraints. However, our stable client relationships and diverse service portfolio have helped us navigate these challenges. We continue to invest in emerging technologies like AI, cloud computing, and cybersecurity to maintain our competitive edge and deliver value to our clients.",Business Outlook,neutral,0.75
TCS,Tata Consultancy Services,2021-22,"The global technology services industry faced headwinds during the fiscal year due to macroeconomic uncertainties and client budget constraints. However, our stable client relationships and diverse service portfolio have helped us navigate these challenges. We continue to invest in emerging technologies like AI, cloud computing, and cybersecurity to maintain our competitive edge and deliver value to our clients.",Business Outlook,neutral,0.75
HDFCBANK,HDFC Bank,2023-24,"The banking sector continues to face regulatory challenges and increasing competition from fintech players. Rising interest rates have impacted our loan portfolio, and we anticipate continued pressure on net interest margins. The economic slowdown has also led to increased provisioning requirements for potential credit losses. We remain cautious about our lending practices and are focused on maintaining asset quality.",Risk Assessment,negative,0.8
HDFCBANK,HDFC Bank,2022-23,"The banking sector maintains to face regulatory challenges and increasing competition from fintech players. Rising interest rates have impacted our loan portfolio, and we anticipate continued pressure on net interest margins. The economic slowdown has also led to increased provisioning requirements for potential credit losses. We remain cautious about our lending practices and are focused on maintaining asset quality.",Risk Assessment,negative,0.8
HDFCBANK,HDFC Bank,2021-22,"The banking sector remains to face regulatory challenges and increasing competition from fintech players. Rising interest rates have impacted our loan portfolio, and we anticipate continued pressure on net interest margins. The economic slowdown has also led to increased provisioning requirements for potential credit losses. We remain cautious about our lending practices and are focused on maintaining asset quality.",Risk Assessment,negative,0.8
INFY,Infosys,2023-24,"We are excited about the opportunities presented by the digital transformation wave sweeping across industries globally. Our investments in artificial intelligence, machine learning, and cloud technologies position us well to capitalize on these trends. The company has successfully diversified its client base and service offerings, reducing dependency on any single market or technology. We expect strong growth in the coming years driven by increased demand for digital services.",Future Prospects,positive,0.9
INFY,Infosys,2022-23,"We are excited about the prospects presented by the digital transformation wave sweeping across industries globally. Our investments in artificial intelligence, machine learning, and cloud technologies position us well to capitalize on these trends. The company has successfully diversified its client base and service offerings, reducing dependency on any single market or technology. We expect stable expansion in the coming years driven by increased demand for digital services.",Future Prospects,positive,0.9
INFY,Infosys,2021-22,"We are excited about the possibilities presented by the digital transformation wave sweeping across industries globally. Our investments in artificial intelligence, machine learning, and cloud technologies position us well to capitalize on these trends. The company has successfully diversified its client base and service offerings, reducing dependency on any single market or technology. We expect robust expansion in the coming years driven by increased demand for digital services.",Future Prospects,positive,0.9
ICICIBANK,ICICI Bank,2023-24,"The bank has implemented robust risk management frameworks to navigate the current challenging economic environment. While we remain cautiously optimistic about growth prospects, we are mindful of potential risks including credit quality concerns and regulatory changes. Our focus remains on strengthening our balance sheet and maintaining prudent lending standards while exploring opportunities in digital banking and financial inclusion.",Management Commentary,neutral,0.7
ICICIBANK,ICICI Bank,2022-23,"The bank has implemented robust risk management frameworks to navigate the current difficult economic environment. While we remain cautiously optimistic about progress prospects, we are mindful of potential risks including credit quality concerns and regulatory changes. Our focus remains on strengthening our balance sheet and maintaining prudent lending standards while exploring potential in digital banking and financial inclusion.",Management Commentary,neutral,0.7
ICICIBANK,ICICI Bank,2021-22,"The bank has implemented robust risk management frameworks to navigate the current difficult economic environment. While we remain cautiously optimistic about expansion prospects, we are mindful of potential risks including credit quality concerns and regulatory changes. Our focus remains on strengthening our balance sheet and maintaining prudent lending standards while exploring possibilities in digital banking and financial inclusion.",Management Commentary,neutral,0.7
WIPRO,Wipro Limited,2023-24,"The information technology sector witnessed significant disruption due to the rapid adoption of artificial intelligence and automation technologies. While this presents challenges in terms of workforce transformation, it also creates new opportunities for companies that can adapt quickly. We are investing heavily in reskilling our employees and developing new service offerings to meet evolving client needs.",Industry Analysis,neutral,0.65
MARUTI,Maruti Suzuki India,2023-24,The automotive industry is undergoing a paradigm shift towards electric vehicles and sustainable mobility solutions. We are accelerating our investments in electric vehicle technology and partnerships with battery manufacturers. The government support for EV adoption and increasing consumer awareness about environmental sustainability provide a favorable backdrop for our strategic initiatives.,Strategic Initiatives,positive,0.85
BAJFINANCE,Bajaj Finance,2023-24,"The non-banking financial sector faces multiple headwinds including regulatory tightening, increased competition from banks, and rising funding costs. Credit growth has moderated, and we are witnessing stress in certain asset classes. The company is taking a cautious approach to lending and focusing on improving collection efficiency and maintaining healthy asset quality metrics.",Risk Management,negative,0.75
